"Bias","Imprecision","Inaccuracy","mse","rmse","corr"
0.0112596443271353,0.8668887598236,0.618536255180277,0.73563362230933,0.857690866401951,0.922515937999497
