"Bias","Imprecision","Inaccuracy","mse","rmse","corr"
-0.118929039799054,0.743521275706064,0.519205170487327,0.561849264236693,0.749566050616417,0.940864195286739
