"Bias","Imprecision","Inaccuracy","mse","rmse","corr"
0.0965913429867454,0.666901824634381,0.516825567808089,0.444624994140635,0.66680206518924,0.935512773909583
