"Bias","Imprecision","Inaccuracy","mse","mape","rmse","corr","r2"
128.368391226504,494.048359135409,144.992172180707,255368.953090803,63.2129268335166,505.34043286759,0.952139813566022,0.417777082293941
