"Bias","Imprecision","Inaccuracy","mse","mape","rmse","corr","r2"
43.7209270522891,214.963368186662,52.9055457458852,47692.9057016682,12.4669886145677,218.387054794162,0.984576994606493,0.906603922124677
