"Bias","Imprecision","Inaccuracy","mse","mape","rmse","corr","r2"
70.5780799773527,262.166585752216,78.713406025381,72250.2155756047,38.4605973004319,268.794002119848,0.996741451838478,0.835274684693707
