"mae","mape","r2"
52.9055457458852,12.4669886145677,0.906603922124677
