"Bias","Imprecision","Inaccuracy","mse","rmse","corr"
-0.0311474259096279,0.572217937393108,0.431168816720561,0.326291056674094,0.571218921845288,0.935300594513547
