variable,inc_prop
Trees,23.9528473870676
Built.Area,15.876536310546
building_area,12.123679136424
building_count,11.1829564630215
osm_roads,6.99939977887633
osm_pofw,6.42101059474344
SR_B6,5.98168974727352
Water,5.91056764809729
SR_B1,5.83344667221693
DNB,5.71786626173342
