variable,inc_prop
building_count,21.1071665111324
building_area,15.2000327716538
Trees,9.83252353576177
osm_transport,9.69882531718689
osm_pofw,7.69863242342683
osm_railways,7.59482663710399
osm_traffic,6.90802265852967
osm_pois,6.9065216557686
Built.Area,5.73858325147939
DNB,5.48328369331726
osm_roads,3.83158154463939
