variable,inc_prop
building_count,20.1393576083483
building_area,13.8590253633411
Trees,10.7340309110416
osm_pofw,8.64491863688492
osm_transport,8.15992885118882
osm_traffic,7.9294699762679
osm_railways,7.62305061712952
Built.Area,6.81689653832213
osm_pois,6.21329442775905
osm_roads,5.8134515744755
DNB,4.0665754952412
