variable,inc_prop
building_count,21.7023230197974
building_area,11.8550396894853
osm_traffic,10.9284361912926
osm_railways,10.5280812479559
Trees,10.4150569556811
osm_transport,9.66817734449681
osm_pois,7.33531403411089
osm_pofw,6.61160097621371
Built.Area,5.90954664698799
osm_roads,5.0464238939783
