variable,inc_prop
Built.Area,17.6831975051739
Trees,16.8705730267813
osm_pofw,11.2543703316892
building_count,10.3552444859522
building_area,10.0485058228953
osm_roads,9.2585414689987
SR_B6,7.17311367727764
DNB,6.39506537763918
Water,5.80429503851972
SR_B1,5.15709326507271
