variable,inc_prop
building_count,22.4582150653539
building_area,13.6462208942147
Trees,11.5818209426615
osm_pofw,10.3415089128155
Built.Area,8.27153443448947
osm_pois,7.51151960287223
osm_transport,7.23496458108283
osm_railways,6.94375664679246
osm_traffic,6.32846014577891
osm_roads,5.68199877393862
