variable,inc_prop
building_count,20.0201238472139
building_area,14.769384083534
osm_pofw,9.75938760555658
Trees,9.25687730696511
osm_transport,8.86007855824716
Built.Area,7.012502980709
osm_traffic,6.67461385765796
osm_railways,6.62802625722552
DNB,6.50211675842535
osm_pois,5.86729089945529
osm_roads,4.64959784501014
