variable,inc_prop
Built.Area,17.4823507306954
Trees,17.2543944662302
building_count,10.9379544768167
osm_pofw,10.353156355899
building_area,9.55416552660151
osm_roads,8.70288679909771
DNB,7.66094506993564
SR_B6,7.32258510030158
Water,6.00520162452996
SR_B1,4.72635984989233
