variable,inc_prop
building_count,21.7440035053155
building_area,12.0252960752411
Trees,11.1590551184937
osm_railways,11.0586382366151
osm_traffic,9.09379201163613
osm_transport,8.50468008467685
osm_pofw,7.03421501454892
osm_pois,6.17676536207121
Built.Area,6.14564615038243
osm_roads,3.93075310834732
DNB,3.12715533267177
