variable,inc_prop
building_count,21.2390027879156
building_area,14.6154332836569
Trees,9.58711309567656
osm_transport,9.29729853590577
osm_pofw,8.92518657153396
osm_railways,6.99469019379215
Built.Area,6.64905114432663
osm_pois,6.58557614558062
osm_traffic,5.74151313626281
osm_roads,5.24044197819429
DNB,5.1246931271547
