variable,inc_prop
Trees,23.6837950436238
Built.Area,15.7476562145904
building_area,12.0477233828456
building_count,11.9450426293209
osm_roads,7.16855639337987
osm_pofw,6.48966368683673
Water,5.90228712996851
DNB,5.83252853639113
SR_B1,5.7220582005303
SR_B6,5.46068878251275
