variable,inc_prop
building_count,20.2688351192701
building_area,13.6428741971418
osm_transport,11.3247580942979
Trees,9.33281245385776
osm_pofw,8.31293554902311
osm_railways,7.45807718153129
Built.Area,6.75279610087186
osm_pois,6.66511695961529
osm_roads,5.93424483857581
osm_traffic,5.55723786979729
DNB,4.75031163601786
