variable,inc_prop
Built.Area,17.4279235491328
Trees,16.9110832646545
building_count,11.1510448202672
osm_pofw,9.70397266676934
building_area,9.57756943759063
osm_roads,9.19029260828882
DNB,7.71600770554806
SR_B6,6.9076519659154
Water,6.06646693526227
SR_B1,5.34798704657106
