"Bias","Imprecision","Inaccuracy","mse","rmse","corr","In_IC"
0.0118875786064174,0.584807712496472,0.454455406775647,0.334864778086536,0.57867501940773,0.933540932885229,0
