"mae","mape","r2"
38.2378676391974,35.6395263926054,0.97771269656334
