"Bias","Imprecision","Inaccuracy","mse","rmse","corr","In_IC"
0.0101724338572584,0.581067787229256,0.452539821702681,0.330559426801074,0.574942976999523,0.934414588546337,0
