"Bias","Imprecision","Inaccuracy","mse","rmse","mape","corr","In_IC","r2"
-10.3572894056249,72.2332779447092,30.4899722538278,5213.90613237081,72.2073828106989,29.7796067485342,0.995110820902766,0,0.988112667556909
