"Bias","Imprecision","Inaccuracy","mse","rmse","mape","corr","In_IC","r2"
4.46574851036279,21.5978793197227,17.6688286980061,476.486441481808,21.828569386971,44.6196867293227,0.816621822083483,0,0.553616180165846
