"Bias","Imprecision","Inaccuracy","mse","rmse","mape","corr","In_IC","r2"
45.2696791624747,200.386153966032,57.7365825424889,41349.601133595,203.346013321125,34.5238747112389,0.992382430317644,0,0.905725871815658
