"Bias","Imprecision","Inaccuracy","mse","rmse","mape","corr","In_IC","r2"
-39.792082751783,129.393717510846,50.4248168646721,17786.0557832184,133.364372240934,30.688120230936,0.994043035759016,0,0.972039144407573
