"Bias","Imprecision","Inaccuracy","mse","rmse","mape","corr","In_IC","r2"
-10.7635998978917,82.3723495390784,30.1554816521977,6756.69300946514,82.1991058921272,31.7839333178854,0.993649704097767,0,0.98459522400667
