"Bias","Imprecision","Inaccuracy","mse","rmse","corr","In_IC"
0.066545565084553,0.642676135260038,0.4881447214306,0.408672999090036,0.639275370313948,0.91432758763881,0
