"Bias","Imprecision","Inaccuracy","mse","rmse","corr","In_IC"
-0.0285933136421605,0.118382166095277,0.0954259418014299,0.0147414997554203,0.121414578018541,0.99727036933365,0
